unit,RUL
1,125.0
2,125.0
3,125.0
4,125.0
5,125.0
6,125.0
7,125.0
8,125.0
9,125.0
10,125.0
11,125.0
12,125.0
13,125.0
14,125.0
15,125.0
16,125.0
17,125.0
18,125.0
19,125.0
20,125.0
21,125.0
22,125.0
23,125.0
24,125.0
25,125.0
26,125.0
27,125.0
28,125.0
29,125.0
30,125.0
31,125.0
32,125.0
33,125.0
34,125.0
35,125.0
36,125.0
37,125.0
38,125.0
39,125.0
40,125.0
41,125.0
42,125.0
43,125.0
44,125.0
45,125.0
46,125.0
47,125.0
48,125.0
49,125.0
50,125.0
51,125.0
52,125.0
53,125.0
54,125.0
55,125.0
56,125.0
57,125.0
58,125.0
59,125.0
60,125.0
61,125.0
62,125.0
63,125.0
64,125.0
65,125.0
66,125.0
67,125.0
68,125.0
69,125.0
70,125.0
71,125.0
72,125.0
73,125.0
74,125.0
75,125.0
76,125.0
77,125.0
78,125.0
79,125.0
80,125.0
81,125.0
82,125.0
83,125.0
84,125.0
85,125.0
86,125.0
87,125.0
88,125.0
89,125.0
90,125.0
91,125.0
92,125.0
93,125.0
94,125.0
95,125.0
96,125.0
97,125.0
98,125.0
99,125.0
100,125.0
